user_id,name,address
1,Allison Hill,"713 Caleb Brooks Apt. 930, Lake Crystalbury, AZ 43810"
2,Noah Rhodes,"7382 Sanchez Mountains, Leeville, NE 46939"
3,Angie Henderson,"010 Chandler Union Apt. 333, Taylorburgh, NH 33243"
4,Daniel Wagner,"8108 Tanya Terrace, East Richard, IL 53066"
5,Cristian Santos,"PSC 2606, Box 4746, APO AP 96249"
6,Connie Lawrence,"Unit 8723 Box 4309, DPO AP 71567"
7,Abigail Shaffer,"09788 Brian Pass Apt. 219, Lake Michellefurt, OK 32772"
8,Gina Moore,"169 Donovan Ford, Johnfurt, TN 85108"
9,Gabrielle Davis,"07991 Amanda Parkways Suite 251, West Justin, ND 92715"
10,Ryan Munoz,"841 Joseph Coves, West Juan, VT 45443"
11,Monica Herrera,"740 Cynthia Village Suite 005, Lake Tina, WA 58413"
12,Jamie Arnold,"011 Amy Village Suite 982, Andersonport, WY 05730"
13,Lisa Hensley,"PSC 3315, Box 8692, APO AE 21800"
14,Michele Williams,"Unit 2602 Box 5634, DPO AE 92418"
15,Dylan Miller,"3375 Hoover Well, East Andrew, MO 43526"
16,Brian Ramirez,"5868 Crosby Crescent, Gregoryview, CT 78694"
17,Holly Wood,"9816 Jonathan Station Suite 088, West Ryan, MA 82179"
18,Derek Zuniga,"484 Nguyen Square, Angelaborough, TN 50196"
19,Lisa Jackson,"946 Kevin Fords, Floydmouth, NV 58455"
20,Carla Gray,"214 Davis Terrace Apt. 433, North Brandon, RI 10046"
21,Margaret Hawkins DDS,"676 Dylan Spurs, Port Michelleville, NE 29184"
22,Patty Perez,"83172 Contreras Points Suite 798, Rivasside, GA 97973"
23,Ethan Adams,"3487 Joshua Club Suite 345, Patricialand, FL 30812"
24,Tommy Walter,"316 Rivera Mountain, Brownchester, WI 77057"
25,Matthew Foster,"USS Gates, FPO AP 50358"
26,Judy Baker,"6688 Tracy Groves Suite 706, Elizabethfurt, GA 61762"
27,Justin Baker,"PSC 9806, Box 9901, APO AP 56680"
28,Stephanie Ross,"04653 Murphy Trace Suite 464, South Andrewside, MI 29890"
29,Zachary Hicks,"33092 David Skyway, New Staciemouth, KS 48852"
30,Anthony Rodriguez,"41904 Sanders Stravenue, North Brittany, SC 32331"
31,Rebecca Henderson,"919 Michael Meadow Suite 185, Port Robertfort, NE 47973"
32,James Ferrell,"262 Gilbert Plain Suite 769, Marcusbury, CO 37060"
33,Tricia Valencia,"9965 Troy Islands, South Jason, KS 45109"
34,Nathan Maldonado,"083 John Lodge Suite 837, Westtown, LA 29546"
35,Debra Davidson,"9578 Coleman Summit, Michaelmouth, ME 33452"
36,Jeffrey Chavez,"1823 Joanna Harbor, Tinaborough, IN 47802"
37,Sherri Baker,"824 Terri Plaza, Heidiberg, WV 64841"
38,Cassandra Gaines,"477 Peterson Center, Shelleyfort, CA 53022"
39,Elizabeth Fowler,"29413 Angela Mall, Port Alexandra, NV 39475"
40,Brittany Farmer,"9909 Stacey Fords Apt. 412, East Andrea, AL 54046"
41,Paula Moreno,"0344 Jones Fort Suite 936, New Jeffreyberg, KY 19144"
42,Fred Smith,"9947 Taylor Hollow, Benderhaven, NM 57878"
43,Sherry Decker,"5940 Jeremy Spring, Port Emilyview, AZ 99626"
44,Anthony Humphrey,"2967 Theodore Lodge Suite 512, Robertfort, TN 52989"
45,Angelica Tucker,"1545 Tara Lodge, Lake Mollymouth, AR 25087"
46,Philip Cannon,"703 Dunn Heights Suite 710, Lake Eric, AL 72885"
47,John Pierce,"71274 Perry Orchard, Sanchezside, MS 25484"
48,Shane Henderson,"PSC 8214, Box 6584, APO AE 37573"
49,Joshua Blair,"78755 Gibson Islands Apt. 396, Port Kimberly, MD 98110"
50,Eric Carney,"2702 Kane Well Suite 187, Lake Douglasberg, NJ 35238"